{
  "assetsByChunkName": {
    "vendors~app-account~app-confirmation~app-order": "chunk.dc81e89fe07b016c9f06.js",
    "vendors~app-account~app-checkout": "chunk.a79c46247a92cf3be843.js",
    "vendors~app-cart~app-checkout": "chunk.9327aca120f27b167443.js",
    "admin": [
      "admin.5bff5feccc7c130f9bdd.js",
      "admin.5bff5feccc7c130f9bdd.js.map"
    ],
    "app-account": "chunk.ecfdf8cd3be635906857.js",
    "app-checkout": "chunk.188d3e0681c1c087d377.js",
    "app-confirmation": "chunk.a27ae09eadee3b20547f.js",
    "checkout": [
      "checkout.c27a5ab12d2afac8b7a4.js",
      "checkout.c27a5ab12d2afac8b7a4.js.map"
    ],
    "storefront": [
      "storefront.f3ad643bd40361b416b9.css",
      "storefront.14f7ebd81914d8f33b0e.js",
      "storefront.f3ad643bd40361b416b9.css.map",
      "storefront.14f7ebd81914d8f33b0e.js.map"
    ],
    "vendors~app-cart": "chunk.e983bcc804fbed2437ae.js",
    "vendors~app-order": "chunk.c8c7ae9b26ef02731685.js"
  }
}