{
  "categories_list": {
    "featured": [
      "/linha-alien?ALIEN",
      "/linha-panter?PANTER",
      "/linha-viper?VIPER",
      "/vestuario-termico?TÉRMICAS",
      "/bones?BONÉS"
    ],
    "random": 12,
    "full_width": true
  },
  "centralized_logo": false,
  "marketing_stripe": {
    "text": "🧤 SUA LUVA PROFISISONAL É AQUI!!!!!                        FRETE GRÁTIS PARA TODO BRASIL!!!!!",
    "link": "",
    "background": "#040404",
    "color": "#ffffff"
  },
  "alphabetical_order_submenu": false,
  "popup": "/img/uploads/campeoes-as-convocadas-gk12.jpg",
  "name_all_departments": "",
  "search_input": true,
  "desktop_megamenu": false,
  "full_width_submenu": false,
  "contacts_stripe": {
    "pages": [],
    "phone_wpp": true,
    "socials": true
  }
}