{
  "meta_title": "",
  "meta_description": "",
  "sections": [
    {
      "type": "banner-slider",
      "autoplay": 9000,
      "full_width": false,
      "slides": [
        {
          "start": "",
          "end": "",
          "img": "/img/uploads/capa-phoenix.jpg",
          "link": "/linha-phoenix"
        },
        {
          "start": "",
          "end": "",
          "img": "/img/uploads/pontos-fidelidade.jpg"
        },
        {
          "start": "",
          "end": "",
          "img": "/img/uploads/2-1-.jpg",
          "link": "https://www.luvasgk12.com.br/linha-alien"
        },
        {
          "start": "",
          "end": "",
          "img": "/img/uploads/2-2-.jpg",
          "link": "https://www.luvasgk12.com.br/linha-panter"
        },
        {
          "start": "",
          "end": "",
          "img": "/img/uploads/2-3-.jpg",
          "link": "https://www.luvasgk12.com.br/linha-viper"
        }
      ]
    },
    {
      "type": "info-bar",
      "enabled": true
    },
    {
      "type": "collection-shelf",
      "shuffle": false,
      "limit": 12,
      "page": 1,
      "collection_id": "677e98b0a0c96d539303736f:collections:PHOENIX:/phoenix"
    },
    {
      "type": "collection-shelf",
      "shuffle": false,
      "limit": 12,
      "page": 1,
      "collection_id": "614b1ee4bf447b5f0e035e72:categories:PRÉ VENDAS:/pre-vendas"
    },
    {
      "autoplay": 4000,
      "page": 1,
      "title": "ALIEN 👽",
      "shuffle": true,
      "headless": false,
      "type": "collection-shelf",
      "limit": 12,
      "collection_id": "6141fad7522ab535e60f24bb:collections:ALIEN:/linha-alien",
      "sort": "offers"
    },
    {
      "type": "collection-shelf",
      "shuffle": false,
      "limit": 12,
      "page": 1,
      "collection_id": "6141faf4522ab535e60f24ee:collections:PANTER:/linha-panter",
      "title": "PANTER 🐯"
    },
    {
      "type": "collection-shelf",
      "shuffle": false,
      "limit": 12,
      "page": 1,
      "collection_id": "61421f0b522ab535e60f5504:categories:VIPER 🐍:/linha-viper",
      "title": "VIPER 🐍",
      "sort": null
    },
    {
      "type": "collection-shelf",
      "shuffle": false,
      "limit": 12,
      "page": 9,
      "collection_id": "6410b2ba4bd2e929c19c3d6e:collections:TÉRMICAS:/vestuario-termico",
      "title": "ROUPAS TÉRMICAS",
      "sort": "highest_price"
    },
    {
      "type": "collection-shelf",
      "shuffle": false,
      "limit": 12,
      "page": 1,
      "title": "ROUPAS TÉRMICAS",
      "collection_id": "6410b0494bd2e929c19c381b:categories:TÉRMICAS:/vestuario-termico"
    },
    {
      "type": "collection-shelf",
      "shuffle": false,
      "limit": 12,
      "page": 1,
      "collection_id": "6141fb2a522ab535e60f254b:collections:BONÉS:/bones"
    },
    {
      "type": "review-carousel",
      "autoplay": 9000,
      "reviews": [
        {
          "texto": "Uma luva de alta qualidade , boa em todos os requisitos traz muita confiança pra nós goleiros e nos faz ter um rendimento muito bom.",
          "cidade": "Guaratinguetá - SP",
          "nome": "Luiz Otavio - @otavio_gk",
          "img": "/img/uploads/luiz-otavio.jpg"
        },
        {
          "img": "/img/uploads/heitor-aranha-.jpg",
          "nome": "Heitor Aranha ",
          "cidade": "Belem - PA",
          "texto": "Sensacional a luva, senti segurança total desde a primeira vez que usei, o encaixe da luva na mão é perfeito, o grip e a durabilidade da luva são impecáveis!"
        },
        {
          "img": "/img/uploads/sergio.jpg",
          "nome": "Paulo Sergio - @paulosergiorodri",
          "texto": "Esta já é segunda luva GK12 que comprei e como sempre a qualidade me surpreende, mas uma vez obrigado em breve estarei adquirindo mas uma 🙌🏻🤜🏻🤛🏻",
          "cidade": "Belém - PA "
        },
        {
          "img": "/img/uploads/thaina-.jpg",
          "nome": "Taina Rodrigues ",
          "cidade": "Brasília - DF ",
          "texto": "Uso a luva a 4 anos, tenho ótimas experiências com a gk12. Luva com ótima qualidade, fica com o encaixe perfeito de acordo com o número da sua mão, com um excelente grip  de bastante durabilidade!"
        },
        {
          "img": "/img/uploads/israel.jpg",
          "nome": "Israel Francisco",
          "cidade": "Paulo Jacinto - AL",
          "texto": "Bom vou falar um pouco das luvas GK 12 pra mim são as melhores, Tanto no conforto , no  gripe nem se fala . Enquanto houver GK 12 no mercado não procuro outra marca ,adoro as luvas são ótimas, material de boa qualidade uso e recomendo."
        },
        {
          "img": "/img/uploads/yuri.jpg",
          "nome": "Yuri de Andrade",
          "cidade": "Goiânia - GO ",
          "texto": "Uso essa luva gk 12 a muito tempo já tive 4 luvas dela muito boa durabilidade muito boa e passa muita confiança pra nos goleiros gripe muito bom recomendo GK12 "
        },
        {
          "img": "/img/uploads/francisco.jpg",
          "nome": "Francisco ",
          "cidade": "Francisco Santos - PI",
          "texto": "Luva de excelente qualidade durabilidade muito boa e a qualidade e fora do normal melhor que já usei"
        },
        {
          "img": "/img/uploads/zacarias.jpg",
          "nome": "Zacarias ",
          "texto": "Bom dia galerinha! Meus amigos estou passando hoje aqui pra deixar um abraço e parabenizar a galera das luvas GK 12 ... galera eu venho utilizando as luvas GK 12 há três anos e falo pra vocês , \" fiquei muito fã da marca e digo mais , as luvas GK 12 são as favoritas da minha coleção de 23 pares incluindo modelos de outras marcas . Com modelos inovadores, conforto e designer muito bonitos, além de acabamentos e ótima construção, elas trazem aquilo que todo goleiro espera em uma luva , o Grip. É isso mesmo meus amigos, as luvas GK 12 me conquistaram principalmente pela qualidade do grip . Deixo um agradecimento especial a todos que fazem parte do projeto de trazerem um material fantástico para nós guarda redes amantes da meta . Forte abraço do Zacarias GK de Oeiras, primeira capital do estado do Piauí.",
          "cidade": "Oeiras - PI"
        },
        {
          "img": "/img/uploads/mario-goiano.jpg",
          "nome": "Mario Goiano",
          "cidade": "Aparecida de Goiânia - GO ",
          "texto": "Fala família sou Mário Goiano, conhecer a gk12 a cerca de 3 anos... Já foram muitas e muitas batalhas usando e representando essa marca nos diferentes campos do estado de Goiás, e posso garantir que até hoje foi a melhor luva que eu já usei a qualidade é de outro patamar"
        },
        {
          "nome": "NIELE TENORIO -  @nieletenorio_12_",
          "cidade": "KAZAQUISTAO ",
          "texto": "Fala família GK12 meu nome é Niele Tenório e sou cliente gk12 a 4 anos, luva de excelente qualidade durabilidade uma qualidade fora do normal. O grip da luva é de uma ótima duração impecável, é uma luva que me traz muita confiança já utilizei todas as luvas da linha gk12 e recomendo a todos os meus amigos e amigas Goleiras(o) #GK12🧤",
          "img": "/img/uploads/niele.jpg"
        },
        {
          "img": "/img/uploads/arthur-brasil.jpg",
          "nome": "Arthur Brasil - @arthur.hermeto_gk",
          "cidade": "Goiânia - GO ",
          "texto": "Eu sou o Arthur Brasil Goleiro sub 11 da base do Goiás! Eu já uso as luvas GK 12 a 2 anos e estou muito satisfeito com a qualidade e a segurança que ela me traz."
        },
        {
          "img": "/img/uploads/santiago.jpg",
          "nome": "Santiago",
          "cidade": "Goiânia - GO ",
          "texto": "Luva Maravilhosa!  Confortável, qualidade excelente, acabamento impecável. Látex dela é bem superior. Grip 100%.  Foi nossa segunda compra e continuamos satisfeitos com os produtos e o atendimento de vocês. O pós venda da GK12 é exemplar. Parabéns a toda equipe. Desejamos muito sucesso à toda equipe!"
        }
      ],
      "title": "SUA OPNIÃO É MUITO IMPORTATE PARA NÓS!!!!!  "
    },
    {
      "type": "banners-grid",
      "banners": [
        {
          "img": "/img/uploads/qual-e-1-.jpg"
        }
      ]
    }
  ]
}